Name,1980,1981,1982,1983,1984,1985,1986,1987,1988,1989,1990,1991,1992,1993,1994,1995,1996,1997,1998,1999,2000,2001,2002,2003,2004,2005,2006,2007,2008,2009,2010,2011,2012,2013,2014,2015,2016,2017,2018,2019,2020,2021,2022,2023,2024
Total,672192.465,679754.771,686055.109,690098.1,681565.051,668145.098,654332.365,632237.783,625045.766,620734.24,629976,651282,674421.074,683639.046,699744.505,719216.174,731870.459,755297.943,772801.179,785331.072,793770.794,802771.487,822011.449,841734.985,863667.45,907474.288,965006.238,1042327.622,1117778.582,1192317.222,1276137.155,1418382.291,1537483.846,1634102.512,1694591.799,1753091.199,1811213.822,1868251.319,1937776.814,1989923.936,2073310.704,2138844.399,2206295.346,2277378.925,2353898.585
Afghanistan,,,,,,,,,,,,,,,,,,,,,,,,,,,,,,,,0.5,0.5,1.484,,,,,,,,,,,
Albania,78.949,78.949,79.94,79.94,79.94,79.94,79.94,79.94,79.94,79.94,63,75,80.954,80.954,80.954,80.954,80.954,52.455,32.199,30.9,20.112,24,28,66,97.566,105,107.647,107.391,99.295,92.092,96.833,93.876,86.767,86.349,65.689,60.08,60.08,56.162,61.915,48.208,50.596,48.765,47.156,44.922,44.922
Algeria,1872.119,1810.698,1890.338,1976.452,1976.387,1984.586,1943.157,1018.51,1043.03,1052.551,964,1062,1093.363,1093.363,1093.063,1093.063,1111.125,1110.949,1110.92,1110.761,1110.761,1063,1068,1011,938.499,913,881.627,777.292,743.928,755.478,764.563,793.219,807.369,754.197,754.997,802.02,769.141,748.934,654.458,666.571,673.388,673.354,651.703,651.703,651.703
American Samoa,,,,,,,,,,,,,,,,,,,,,,,,,,,,0.902,0.902,2.102,,,,,,,,,,,,,,,
Angola,95.971,96.888,118.176,132.384,133.416,138.555,127.431,127.431,125.292,121.912,122,122,122.767,123.479,116.072,116.347,116.126,104.343,79.753,82.496,69.697,70,65,51,32.134,35,42.77,47.181,47.404,50.739,52.212,315.718,37.411,314.754,320.595,320.919,321.032,317.733,317.733,317.212,320.947,321.441,322.291,322.291,322.291
Anguilla,0.525,1.46,2.711,4.191,5.364,5.534,,5.612,5.524,5.408,4,4,6.145,6.145,4.688,3.628,3.628,3.224,2.693,1.998,1.998,1.3,1,1,0.904,1,0.904,0.904,0.904,0.904,0.904,0.904,0.254,0.254,0.254,0.254,0.254,0.254,0.254,3.592,3.592,3.592,0.254,0.254,0.254
Antigua and Barbuda,0.25,0.25,0.443,0.443,0.443,0.443,,1.048,102.701,555.07,696,608,827.884,1281.375,1624.775,1982.504,2441.189,2842.205,2916.33,3625.227,4677.636,5462,6071,6541,7851.098,9093,9466.366,10468.427,11182.755,12454.924,13033.629,12585.482,14459.856,14066.19,12956.257,12359.327,11220,10118.545,8530.63,7477.163,6620.65,6397.611,6272.701,6393.088,6497.599
Argentina,3371.761,3676.632,3308.286,3247.081,3563.29,3498.236,,3171.154,2853.308,2834.008,2764,2872,1991.012,1207.713,1038.036,949.232,757.515,724.007,729.556,630.197,599.303,384,312,481,488.849,491,917.56,1162.878,1143.263,1066.067,980.899,593.993,511.235,525.3,509.548,652.307,636.069,581.987,570.144,620.724,843.593,886.847,861.829,858.987,874.357
Aruba,,,,,,,,,,,,,,,,,,,,,,,,,,,,0.114,0.114,0.114,0.114,0.114,0.114,,,,,,,,,0.114,0.114,0.114,0.114
Australia,2403.644,2407.727,2648.275,2825.42,3013.89,3254.001,3094.094,3653.57,3701.273,3648.909,3707,3730,3804.661,3952.018,4073.711,4217.458,3975.879,3832.527,3649.494,2893.691,2686.181,2356,2319,2263,2277.322,2376,2279.335,2125.16,2144.1,2145.977,2171.112,2110.988,1816.199,1726.844,1781.976,1938.011,1942.533,1911.316,2242.576,2464.667,2421.686,2597.123,2592.892,2592.547,2594.301
Austria,126.89,136.286,96.894,167.019,195.887,215.385,226.459,210.632,337.855,350.617,355,234,211.412,226.142,254.442,203.25,130.04,130.037,113.706,97.559,100.323,121,46,38,41.237,44,44.437,44.437,18.075,18.075,11.675,0.378,0.378,0.378,0.378,0.378,0.378,0.378,0.378,0.378,0.378,0.378,0.378,0.378,0.378
Azerbaijan,0,0,0,0,0,0,0,0,0,0,0,0,,489.691,529.081,476.64,504.135,492.631,498.929,506.553,507.498,503,502,503,508.145,552,568.285,601.959,610.987,634.752,662.553,668.868,665.19,688.003,690.93,725.633,706.843,666.929,707.073,758.314,740.434,732.942,747.985,765.341,1106.672
Bahamas,165.05,119.978,242.548,568.231,1184.415,5681.862,6862.347,10600.356,15695.84,15020.793,19228,22365,31628.388,33837.183,34181.516,35740.833,36716.98,38242.885,39287.545,42476.83,44941.434,46453,48860,49601,47750.273,48037,51922.212,55394.862,59744.355,62013.49,64109.098,70469.902,71473.314,73325.373,73056.531,74152.812,79846.364,80272.822,76908.471,77812.224,77633.505,74303.203,73143.906,72053.737,72437.937
Bahrain,6.649,7.211,19.245,22.624,26.631,59.167,60.757,64.419,51.975,67.891,65,49,274.259,179.705,136.028,243.347,242.052,241.911,276.725,365.363,369.75,450,450,374,352.911,380,395.797,410.079,394.274,596.089,613.445,631.412,620.966,647.588,599.565,601.322,496.127,485.548,314.969,307.121,332.441,308.173,280.945,234.721,221.418
Bangladesh,416.464,488.236,560.433,572.732,514.205,496.935,480.422,517.772,574.558,611.905,587,620,589.517,551.705,547.371,532.434,520.539,607.572,581.526,576.211,518.725,505,526,586,605.577,627,663.891,617.572,617.465,615.755,975.301,1755.305,1685.649,1747.453,2149.122,2013.469,1736.747,1866.459,2091.321,2456.132,3322.88,3652.336,4339.62,5146,5502.021
Barbados,1.114,1.324,1.338,71.538,142.622,9.466,,8.066,8.639,8.839,8,8,7.781,80.302,76.832,114.253,414.129,723.063,1427.315,1126.137,1161.959,1172,1116,526,694.636,860,783.75,850.153,1006.31,1002.984,1181.127,1439.078,1766.41,1547.921,1194.626,1128.233,1267.66,1311.646,1515.278,1665.626,2020.486,2614.461,3259.474,4623.407,6168.242
Belarus,0,0,0,0,0,0,0,0,0,0,0,0,,,,,,,,,,,,,,,,,,,,57.778,57.338,1.069,1.069,1.069,1.069,1.069,1.069,1.069,1.069,1.069,1.069,1.069,1.069
Belgium,2722.946,2732.271,2948.269,3588.176,3690.728,3890.428,3853.551,3916.538,3654.391,3400.961,3282,3116,236.316,220.232,178.064,210.149,249.239,293.077,147.014,140.545,149.459,171,189,235,1937.553,6815,6502.76,6981.915,6466.823,6631.107,6575.051,6470.324,6959.785,7153.33,6934.126,8670.874,8334.072,8045.084,8505.799,10190.264,10090.869,9635.302,9772.74,9155.157,7974.433
Belize,0.8,0.8,0.805,0.805,0.805,0.805,0.805,0.805,0.805,0.805,,,18.494,57.769,215.473,429.995,710.724,1426.157,2551.952,3153.286,3052.426,2589,2002,1883,1782.466,1948,1730.678,1693.832,1490.409,1389.316,1451.056,2534.671,2195.786,2157.731,2596.614,2785.811,2908.378,3070.435,3220.429,3388.637,3217.584,4485.413,3775.178,3725.607,4155.475
Benin,4.799,4.859,4.94,4.88,4.88,4.88,4.88,4.88,4.76,4.76,5,5,0.21,0.21,0.21,0.21,0.21,0.21,0.21,0.21,0.21,,,,0.21,,0.21,0.21,0.21,0.21,0.388,0.471,0.719,0.719,2.632,0.897,0.897,0.897,0.897,0.897,0.897,0.897,2.471,0.897,2.853
Bermuda,2926.105,2924.909,732.881,710.787,1291.421,1307.26,1460.832,1759.709,3131.539,6874.182,7625,7800,5214.238,5493.736,5112.39,4566.799,4797.022,5208.272,7392.21,7753.484,10468.519,9398,8396,6812,6488.408,6776,8582.257,9361.476,9870.484,10298.435,10106.567,12117.853,11545.287,12368.239,10906.805,10944.402,10657.309,10932.697,10507.854,9534.213,7815.455,8052.383,7887.81,7043.296,6540.71
Bolivia (Plurinational State of),18.83,18.83,18.934,18.934,18.934,18.934,18.934,18.934,22.155,15.765,16,16,15.765,15.765,,,,,3.75,25.279,244.486,259,247,575,654.648,484,211.74,143.856,126.957,101.738,165.99,578.092,267.151,198.402,211.128,194.814,183.146,145.76,125.679,121.785,114.069,124.525,125.753,130.445,129.967
Bosnia and Herzegovina,0,0,0,0,0,0,0,0,0,0,0,0,,,,,,,,,,,,,,,,,,,,,,,,,,,,,,,,,0.389
Brazil,6656.923,7545.531,8530.902,9410.37,9624.845,9420.398,10039.581,10277.85,10437.858,10103.844,10063,10005,9721.826,9077.853,8806.669,8887.628,8543.292,7375.501,7121.79,6848.792,6383.57,6152,5959,5497,5139.348,4021,3449.617,3314.572,3296.392,3423.467,3406.756,3262.248,3406.865,3374.948,3719.052,3973.899,4369.504,4619.08,5180.333,5627.894,5634.662,5225.095,5199.399,5522.097,5698.434
British Virgin Islands,6.35,7.382,7.629,9.018,8.454,8.58,9.057,8.6,8.493,6.766,5,5,3.974,5.237,3.806,3.876,4.056,3.806,3.856,2.092,2.092,8,8,31,158.363,1,11.49,11.49,11.016,11.016,11.016,5.202,5.124,4.192,4.5,5.052,5.052,4.088,5.259,5.606,14.465,14.244,14.384,14.284,16.48
Brunei Darussalam,0.896,0.896,0.498,0.498,0.498,0.961,1.382,1.728,343.647,345.001,346,349,348.684,350.796,352.627,352.816,352.532,351.579,350.919,349.599,349.619,349,349,423,422.457,423,421.22,420.678,422.822,445.134,448.92,442.388,452.974,454.502,456.37,549.178,556.285,562.879,561.795,467.288,467.218,470.38,461.595,393.775,394.231
Bulgaria,1599.049,1742.958,1708.109,1785.019,1856.342,1840.794,1889.722,1989.051,2302.919,1984.308,1956,1954,1940.307,1954.004,1902.821,1841.869,1642.255,1639.142,1600.478,1556.635,1501.591,1445,1381,1292,1077.158,1151,1307.684,1248.497,1313.879,1243.29,696.768,803.199,630.631,334.655,127.011,152.108,118.82,125.596,110.462,153.306,152.32,137.635,133.377,114.416,111.633
Cabo Verde,11.896,18.834,17.428,17.428,20.905,21.728,22.092,22.092,22.092,25.864,26,30,30.921,30.921,32.987,32.32,21.477,18.571,26.689,25.62,24,24,20,21,20.615,22,22.081,22.918,22.021,21.707,23.496,27.808,26.198,26.136,26.628,30.662,33.032,37.891,40.195,41.652,42.291,44.175,44.694,40.378,39.485
Cambodia,3.779,3.779,3.839,3.839,3.839,3.839,4.356,3.839,3.839,3.839,4,4,,,,,,,,,,,,3481,,,,2699.081,2823.746,2785.231,2517.028,2817.761,2213.329,2212.893,2115.131,1880.776,1751.619,638.557,519.448,472.116,448.312,354.115,358.133,330.799,319.345
Cameroon,43.184,76.184,55.495,55.495,58.875,87.752,88.504,88.679,71.802,71.802,39,39,39.797,39.797,40.194,40.194,40.199,39.802,6.432,5.084,5.669,5.3,6,8,365.788,365,78.589,78.589,9.769,9.769,9.069,655.508,654.953,654.053,431.903,434.118,434.118,437.975,444.514,562.903,1076.329,2750.325,4984.698,7254.905,8050.476
Canada,900.786,1041.623,1036.873,1142.537,1229.742,1239.737,1133.063,1165.175,935.264,837.429,756,700,729.968,686.081,671.068,661.41,666.692,805.705,1005.285,1010.172,1018.437,1168,1309,1507,3123.625,3027,3054.015,3234.633,3168.794,3418.651,3401.12,3520.474,3408.495,3382.198,3508.766,3609.69,3231.884,3075.945,3507.171,3347.666,3501.496,3318.816,3276.459,3471.779,3424.027
Cayman Islands,341.439,373.236,398.853,461.607,483.76,510.455,582.28,2121.733,1050.639,664.26,566,570,637.697,485.12,529.665,537.954,487.694,1221.147,1248.433,1948.701,1756.222,2805,3148,4702,4437.036,4096,4387.392,4666.237,4357.939,4314.046,3960.649,3873.932,4102.689,4242.099,3820.534,4617.288,4627.675,5585.761,6120.72,6793.892,6881.5,6886.961,6415.795,6363.021,6095.763
Channel Islands,,,,,,,,,,,,,,,,,,,,,,,,,,,,,,,,,,,,,,0.211,0.211,0.211,0.211,0.198,0.198,0.198,0.198
Chile,831.82,972.015,878.964,768.624,745.899,731.511,701.776,907.538,824.869,912.717,870,883,885.196,818.775,872.566,984.939,1038.793,857.644,918.714,916.158,1011.995,881,915,1038,1128.514,1143,1073.997,1147.918,1087.712,1049.366,1095.802,908.464,939.208,806.477,896.884,977.421,994.357,1167.352,1340.371,1180.854,1103.075,1015.564,975.182,953.078,973.115
China,9509.087,10217.483,11542.908,12188.215,13075.306,13940.209,15918.02,17423.97,18484.23,19359.663,20200,20755,20427.689,20693.584,22452.007,23356.95,24933.608,24994.495,24084.762,24014.577,23701.202,23808,24048,25529,26824.531,29793,32773.903,34781.302,37123.525,39998.353,45157.339,56722.776,62735.428,72449.667,78782.451,78363.798,76782.61,79522.104,90608.94,99025.633,103321.482,110960.472,120534.315,127487.334,133647.042
"China‚ Hong Kong SAR",2240.327,2651.796,4068.79,5678.835,7248.268,9586.082,11332.555,13664.489,13470.976,12352.11,10337,11176,10849.411,12353.708,13091.086,13588.738,15257.215,13693.422,9526.233,10430.817,13190.911,17778,23207,27496,34466.582,43958,50443.434,54734.019,59209.936,64182.517,74513.464,89384.968,111681.857,131715.953,140988.684,150421.016,164146.99,173562.636,182513.891,198830.288,201422.37,205027.764,208083.478,200293.023,200378.245
"China‚ Macao SAR",,,,,,,,,,,,,,,,,,,,,,,,,,,,2.184,2.184,2.184,2.184,2.184,2.184,2.184,2.184,2.184,2.184,2.184,2.184,2.184,2.184,2.488,4.436,4.491,4.491
"China‚ Taiwan Province of",,,,,,,,,,,,,,,,9091.225,9253.137,9284.309,9007.541,8432.269,8248.081,7807.887,7001.669,6622.115,5512.679,5595.418,5056.415,4378.194,4307.629,4245.88,3944.054,3687.501,4040.084,4137.606,4554.499,5036.157,5220.922,4538.939,4723.183,5843.238,6779.761,7141.374,6714.118,6392.758,5990.547
Colombia,376.142,364.745,385.281,400.778,462.611,480.556,470.778,486.423,597.376,584.586,546,541,463.574,378.867,359.759,183.138,171.362,141.949,147.472,137.828,119.413,103,82,86,88.138,100,119.671,121.267,110.777,112.603,109.013,119.187,114.844,101.195,108.69,105.324,107.045,94.232,100.25,99.811,104.168,96.57,97.889,98.622,99.064
Comoros,0.487,1.824,0.435,1.793,1.793,1.793,2.194,2.194,2.814,1.456,3,3,3.579,2.959,2.959,2.959,2.959,3.498,2.138,1.703,1.039,31,92,240,598.824,564,810.833,1010.072,1045.03,978.358,1211.768,1864.761,964.416,932.786,798.373,921.36,1124.688,962.936,1302.787,1109.917,1879.644,1488.266,1505.955,1804.469,1892.956
Congo,10.833,10.833,10.84,10.84,10.84,10.84,10.84,10.84,10.84,10.84,11,11,10.84,10.892,11.221,11.01,15.11,4.431,4.76,0.66,0.66,,1,1,0.66,1,0.66,0.66,0.66,0.66,0.66,14.929,0.954,1.075,1.665,41.516,45.12,72.968,8.834,6.077,6.077,15.125,13.906,10.88,11.102
Cook Islands,,,,,,,,,,,,,,,,,,,,,,,,,,,,,,,,539.356,333.612,545.924,1852.033,2248.099,2804.72,2731.933,2581.209,2619.671,2321.657,2903.432,1771.524,1942.134,4927.215
Costa Rica,17.9,18.03,18.209,26.031,25.936,19.262,20.286,9.539,13.636,13.98,7,6,9.918,2.895,2.895,2.895,2.207,1.208,1.208,1.208,1.208,4,1,1,0.843,1,0.843,0.355,0.355,0.355,0.355,1.334,2.401,2.401,2.401,2.401,2.401,2.648,2.498,2.627,2.627,2.627,2.627,2.627,2.627
Côte d'Ivoire,226.894,234.966,195.563,194.145,195.263,173.679,175.325,151.496,149.337,149.337,100,100,98.618,100.306,141.817,76.399,41.894,8.683,7.433,5.866,5.866,5,5,5,5.083,5,5.141,5.141,16.653,5.141,5.141,10.572,10.572,10.572,10.572,10.572,10.572,10.641,3.138,3.138,3.138,3.138,3.138,3.138,154.138
Croatia,0,0,0,0,0,0,0,0,0,0,0,0,,225.175,196.89,269.081,372.828,747.981,1227.793,1272.183,1227.748,1036,1124,1317,1221.592,1522,1740.57,1793.407,2190.551,2343.704,2277.116,1977.677,2507.698,2266.721,2120.151,2109.661,2008.703,2141.213,2132.049,1978.321,1852.874,1796.901,1526.517,1534.879,1220.78
Cuba,1046.232,1097.223,1159.404,1206.9,1216.721,1230.077,1236.163,1274.167,1291.122,1218.841,1198,1115,941.096,863.656,801.781,542.991,490.159,332.8,233.756,184.316,156.263,80,92,124,110.03,176,82.166,82.166,77.112,76.953,49.389,57.971,26.334,26.334,23.313,28.568,28.568,30.356,29.317,35.005,254.557,449.904,572.5,572.859,572.859
Curaçao,0,0,0,0,0,0,0,0,0,0,0,0,0,0,0,0,0,0,0,0,0,0,0,0,0,0,0,0,0,0,0,2289.47,2283.914,1815.572,1725.043,1682.267,1677.622,1768.902,1782.339,1639.208,1416.67,1413.241,1361.467,1293.145,1271.432
Cyprus,3362.42,2967.245,2677.194,3361.056,5784.798,11801.233,14299.321,18762.952,27322.319,32810.581,32699,32985,36240.428,36188.355,39972.558,39325.233,40378.044,37966.13,36994.017,36298.751,36669.359,36165,35832,36029,35331.741,34180,30316.052,30067.811,29431.387,31387.587,31305.207,28567.4,33269.993,31679.483,32816.419,33130.968,33189.967,33851.776,35078.894,34557.888,34541.749,34007.286,33479.278,31581.641,30645.763
Czechia,0,0,0,0,0,0,0,0,0,0,0,0,0,,353.943,271.836,226.479,132.368,25.6,,,,,,,,,,,,,,,,,,,,,,,,,,0.088
Czechoslovakia,232.912,232.912,271.735,271.154,276.647,276.647,276.647,299.27,230.363,231.72,279,510,445.705,0,0,0,0,0,0,0,0,0,0,0,0,0,0,0,0,0,0,0,0,0,0,0,0,0,0,0,0,0,0,0,0
Dem. People's Rep. of Korea,211.257,337.911,411.83,416.285,724.779,739.855,829.392,615.292,603.049,581.714,529,656,721.342,954.126,1039.734,1079.103,1011.935,884.753,838.384,782.013,846.6,843,920,1179,1310.964,1531,1733.047,1444.868,1388.234,1390.259,1265.606,1314.167,1127.514,975.715,781.231,768.974,790.037,872.743,1029.379,1053.718,1058.662,1078.228,1116.061,1136.901,1262.637
Dem. Rep. of the Congo,132.276,132.276,133.256,133.256,133.256,121.416,,91.012,75.932,75.932,76,76,30.692,31.192,15.842,15.892,15.842,15.842,,,,,,15,,,,16.653,5.141,16.653,16.653,,7.729,10.729,21.055,43.107,42.686,81.168,26.934,33.478,33.478,33.478,40.825,41.259,41.54
Democratic Republic of Germany,1988.053,1963.4,2041.74,1816.326,1793.102,1791.006,1815.995,1923.583,1880.002,1800.325,0,0,0,0,0,0,0,0,0,0,0,0,0,0,0,0,0,0,0,0,0,0,0,0,0,0,0,0,0,0,0,0,0,0,0
Denmark,8980.833,8702.549,7978.002,8143.295,7926.127,7973.433,7419.442,6805.176,6961.068,6332.88,6926,8787,8058.814,7306.673,7056.794,7246.801,7617.185,7720.301,7300.786,6902.412,7420.796,8455,8587,9247,9173.165,9033,9763.991,10436.201,11075.082,12668.021,13813.826,13503.065,13763.466,13724.281,14662.392,16487.6,17187.404,17269.503,18931.103,22525.97,23174.614,24754.494,26112.323,25330.327,24986.553
Djibouti,3.365,3.365,3.256,3.256,3.256,2.853,2.65,2.65,2.65,2.65,,,0.35,4.09,4.8,4.8,4.8,4.8,4.8,4.8,4.9,4,1,1,4.19,5,3.722,3.722,0.916,0.916,0.674,7.55,8.435,8.469,8.359,13.106,13.106,60.986,5,8.936,10.197,1897.938,3154.678,2512.127,3005.224
Dominica,44.332,,,0.959,1.243,1.243,2.144,2.953,2.475,4.218,5,4,3.153,2.833,2.833,2.833,1.901,1.901,3.076,3.076,2.71,2,2,5,44.332,467,868.369,1030.498,1734.391,1786.423,1610.393,3167.082,2031.706,1924.534,850.082,628.336,538.615,712.421,1004.338,1200.099,1230.116,680.595,583.672,263.028,141.892
Dominican Republic,42.911,60.648,47.539,57.686,58.747,57.971,73.243,67.477,70.825,78.081,68,52,10.369,11.258,11.852,11.852,11.242,11.242,10.243,7.764,8.388,8,7,7,11.85,9,7.075,7.075,6.922,6.922,5.637,185.235,172.906,164.822,162.396,154.027,4.769,6.159,54.149,62.113,67.619,68.631,19.106,8.749,9.616
Ecuador,306.807,356.289,385.155,497.543,543.756,578.805,624.779,611.57,588.224,608.977,531,523,521.894,483.551,381.238,358.516,209.286,216.959,177.727,279.758,446.604,440,444,447,452.49,349,356.574,355.041,377.319,399.294,400.579,366.85,370.092,365.732,370.664,416.4,421.901,423.675,417.67,285.224,344.563,308.376,309.951,308.059,308.261
Egypt,692.891,682.285,755.652,804.792,828.048,1032.144,1307.108,1484.89,1515.156,1821.298,1796,1825,1604.891,1644.761,1702.045,1899.126,1919.29,1935.96,1981.698,2090.181,2092.569,2010,2037,1890,1688.085,1644,1615.715,1646.378,1703.021,1540.409,1517.889,1602.914,1824.264,1580.414,1524.171,1535.121,1557.671,1582.221,1585.76,1578.671,1627.443,1746.176,1721.06,1743.353,1843.636
El Salvador,3.303,0.098,3.318,3.318,3.318,3.318,3.318,3.318,3.318,3.318,3,,,,,,,,,,,,,2,1.65,2,1.65,1.65,1.65,1.65,1.65,0.204,0.204,0.204,0.204,0.204,0.204,0.204,0.204,0.204,0.204,0.204,0.86,1.137,1.137
Equatorial Guinea,6.594,6.594,6.7,6.7,6.7,6.7,6.7,6.7,6.7,6.7,7,7,6.699,6.699,3.279,3.279,3.279,12.819,21.365,38.375,19.35,25,15,13,18.123,15,26.39,19.058,19.058,16.369,16.907,14.105,33.806,26.676,24.753,44.47,41.155,38.138,35.807,51.705,55.612,57.799,70.687,79.951,69.568
Eritrea,0,0,0,0,0,0,0,0,0,0,0,0,,,,,,,,,,,,25,,,,24.904,16.278,14.012,14.012,13.92,13.92,14.191,13.92,13.92,13.92,13.92,13.92,13.92,13.92,13.92,13.92,13.92,13.92
Estonia,0,0,0,0,0,0,0,0,0,0,0,0,,701.182,698.429,679.521,595.193,550.097,566.838,453.757,363.058,281,246,233,226.636,164,101.131,126.237,110.457,95.49,98.701,73.733,85.338,75.646,64.959,67.988,80.785,84.174,80.665,80.414,80.473,84.129,82.18,83.026,84.209
Ethiopia,0,0,0,0,0,0,0,0,0,0,0,0,84.326,84.326,84.326,84.326,98.747,105.685,105.685,101.543,119.688,110,102,102,101.287,98,97.669,125.06,159.314,149.99,149.99,153.014,153.014,223.09,433.778,433.778,366.01,335.796,335.796,335.796,335.796,338.069,338.069,338.069,316.958
Ethiopia (...1991),32.493,32.036,34.577,43.177,43.177,46.797,71.989,84.752,94.142,94.142,94,91,0,0,0,0,0,0,0,0,0,0,0,0,0,0,0,0,0,0,0,0,0,0,0,0,0,0,0,0,0,0,0,0,0
Falkland Islands (Malvinas),4.383,4.383,4.125,4.125,4.125,4.125,4.125,4.125,4.125,4.125,4,4,4.375,8.486,9.36,9.772,11.761,19.977,24.151,25.144,31.061,36,36,6,37.279,36,36.145,37.045,35.562,35.066,34.576,6.052,6.052,6.052,6.052,6.052,6.052,5.592,5.592,5.592,3.458,3.458,6.347,6.347,6.347
Faroe Islands,39.082,35.06,38.03,39.872,54.726,67.497,73.105,83.943,,,,,,,,,,,,,,,,,,,,,,,,206.997,208.176,284.829,329.393,317.261,370.586,373.591,392.987,410.951,393.235,407.975,365.162,297.721,328.901
Federal Republic of Germany,13745.096,13332.148,12409.497,12354.826,10797.478,9519.256,9240.871,7744.6,5659.148,4994.457,0,0,0,0,0,0,0,0,0,0,0,0,0,0,0,0,0,0,0,0,0,0,0,0,0,0,0,0,0,0,0,0,0,0,0
Fiji,10.815,14.007,25.254,25.688,26.551,27.754,26.764,26.34,32.398,36.752,64,53,59.616,66.751,38.273,27.385,26.869,29.219,29.542,24.511,24.391,25,24,32,16.604,15,14.946,15.445,15.593,16.151,17.04,17.55,17.253,17.012,15.343,24.252,23.901,241.415,67.152,72.734,74.438,72.69,72.631,71.49,93.3
Finland,3845.184,3831.139,3794.738,3597.336,3600.996,3209.2,2853.85,1907.837,1400.594,810.888,838,983,838.965,1082.581,1237.292,1175.898,1157.987,1179.86,1189.616,1255.167,1239.524,1215,1226,1222,1146.455,1113,1121.054,1009.634,1203.187,1218.915,1171.308,1172.812,1178.422,1347.339,1347.491,1214.374,1196.646,1214.135,1062.011,1124.659,1162.723,1138.4,1261.937,1151.935,1154.799
France,20824.828,20861.286,20112.426,18727.257,16819.51,15093.205,13712.641,9305.297,8406.743,6854.064,6653,5574,5621.236,5744.903,6277.165,6454.787,6201.605,6258.838,6828.189,7221.445,7292.503,6883,6280,6360,6389.246,6311,7297.378,7635.435,7922.286,7925.609,8822.32,6918.993,8461.266,7831.026,7426.602,6498.397,6938.695,7274.503,7008.166,7294.4,7426.535,7861.587,7936.15,8239.149,9638.557
French Polynesia,,,,,,,,,,,,,,,,,,,,,,,,,,,,31.241,32.072,34.9,1.06,11.305,11.305,11.305,11.519,11.155,14.455,16.684,20.908,23.163,22.092,22.039,26.435,26.435,26.435
French Southern Territories,,,,,,,,,,,,,,,,,,,,,,,,,,,,,,,,,,,,,,104.724,104.724,0.367,0.367,0.367,0.367,0.367,13.373
Gabon,143.062,143.062,143.594,143.594,143.789,169.212,169.612,170.176,29.276,29.276,29,29,29.956,30.186,49.265,37,43.836,44.259,45.36,30.265,11.631,8,8,8,7.842,8,8.185,7.931,7.931,8.261,8.85,330.873,330.973,404.839,404.839,406.907,333.41,332.638,424.871,424.757,608.729,1156.911,1512.937,2183.003,5614.502
Gambia,4.405,4.405,3.492,4.204,4.243,4.223,4.046,4.046,5.098,5.098,2,2,2.029,2.029,1.524,2.745,2.745,2.556,1.865,2.075,1.865,2,2,2,1.726,12,11.225,11.713,11.713,11.713,11.713,9.899,3.421,3.006,3.006,3.006,3.006,4.259,7.747,5.474,5.474,5.474,7.209,20.114,17.358
Georgia,0,0,0,0,0,0,0,0,0,0,0,0,,,0.036,634.59,407.653,290.457,152.56,147.922,183.76,142,348,791,1106.007,1340,1501.528,1605.421,1472.611,914.977,935.2,705.914,378.121,156.687,190.621,156.421,93.693,80.034,79.106,108.936,58.189,57.683,8.134,8.753,8.753
Germany,0,0,0,0,0,0,0,0,0,0,6778,7100,7174.901,6554.199,6088.726,6823.48,6599.668,6874.256,8309.011,9791.65,7788.31,7773,7450,7730,6902.179,9381,13578.168,13264.24,15031.016,17949.005,17570.219,16499.808,17666.018,16190.523,14077.202,12560.051,11043.154,10545.946,9987.474,8609.215,8789.121,7901.883,7134.568,7270.555,8055.891
Ghana,226.848,294.691,295.891,297.321,296.757,208.896,177.158,178.268,143.029,122.465,114,110,133.069,132.023,107.723,92.51,96.001,113.322,105.761,89.82,92.076,94,99,102,96.462,88,88.755,86.974,85.518,85.923,84.657,27.913,46.992,43.738,51.923,50.809,35.717,39.509,40.133,39.259,40.36,41.914,43.372,44.744,44.874
Gibraltar,3.805,3.805,63.73,25.462,376.649,448.93,1020.889,2998.964,5293.273,5795.834,5026,3849,1634.642,859.252,705.997,617.721,579.435,579.854,566.948,561,728.47,922,1180,1396,1255.941,1472,1417.991,,,,,2387.009,2361.636,3087.676,3719.326,3679.758,3357.996,3009.1,2505.446,2223.992,2089.117,1944.75,1387.305,1104.002,957.943
Greece,63310.152,67047.715,73513.866,70231.771,65986.213,62236.552,55356.085,51294.326,42775.945,39718.62,38465,37205,44010.755,47712.282,54136.203,53993.554,52064.664,48042.326,43719.351,43413.753,42532.146,44618,48368,49306,54481.474,54642,52135.563,54613.171,61383.561,63035.765,67629.171,70135.036,73068.539,74145.118,73947.459,75191.178,73515.059,72074.892,72122.506,69482.687,69034.842,64397.715,61631.636,58940.229,56278.817
Greenland,,,,,,,,,,,,,,,,,,,,,,,,,,,,,,,,3.694,3.694,3.736,1.139,1.596,1.596,1.734,1.284,1.059,1.059,1.286,2.223,2.015,2.015
Grenada,0.34,0.34,0.342,0.342,0.577,0.577,0.577,0.577,0.829,0.484,1,1,0.484,1.383,1.383,0.555,8.437,0.95,0.95,0.95,0.95,1,1,1,0.995,1,0.995,0.995,0.995,0.995,0.995,1.457,1.788,1.457,1.457,1.457,1.457,1.457,1.457,1.457,1.457,1.457,1.457,1.457,1.457
Guam,,,,,,,,,,,,,,,,,,,,,,,,,,,,1.647,1.647,1.856,,0.34,0.34,0.34,0.34,0.34,0.34,0.34,0.34,0.34,0.34,0.34,0.34,0.34,0.34
Guatemala,13.082,20.109,39.616,39.616,27.186,24.138,24.138,13.603,6.45,6.45,7,7,0.353,0.353,,,,,,,3.752,4,4,7,3.547,5,4.497,4.497,4.497,2.847,2.847,1.383,1.383,1.49,1.49,1.659,1.659,1.785,1.659,1.659,2.032,2.032,2.032,2.032,2.032
Guinea,18.113,2.823,2.827,2.827,2.927,2.927,2.927,2.927,2.927,2.927,3,3,1.749,1.749,1.993,2.913,2.411,2.573,4.669,5.491,4.754,5,5,5,7.362,6,7.19,9,10.195,10.195,11.563,6.015,,,,0.149,0.149,0.38,0.38,0.38,0.38,0.38,1.886,0.38,1.563
Guinea-Bissau,0.02,0.02,0.82,2.523,2.523,2.523,2.523,2.843,2.846,2.846,2,2,1.846,1.846,1.846,1.846,2.699,2.699,2.171,1.996,2.187,3,2,2,2.167,2,2.167,2.167,2.167,2.167,2.167,2.11,2.35,2.35,2.223,2.223,2.223,1.992,1.992,1.992,1.992,1.992,1.992,87.082,320.47
Guyana,15.484,16.783,17.306,19.518,19.633,22.377,22.662,22.167,20.406,13.261,11,11,13.509,13.509,14.179,13.925,12.899,14.421,16.121,15.076,12.518,15,14,14,30.14,33,37.88,36.918,42.408,41.301,41.748,36.877,36.421,40.825,42.955,42.894,42.894,52.429,52.429,47.293,50.813,52.399,980.031,157.345,763.107
Haiti,0.523,1.323,2.436,1.742,0.851,0.851,1.705,1.705,0.17,0.17,,1,0.429,0.429,0.17,0.17,0.17,0.17,0.963,0.963,0.963,1,1,1,0.963,1,0.963,0.963,1.535,2.145,1.535,1.004,1.116,1.116,1.116,1.116,1.116,1.116,1.116,1.116,1.116,1.116,1.116,1.116,1.116
Honduras,227.047,275.231,269.017,323.545,298.125,390.304,516.21,827.066,741.691,873.015,982,1046,1291.463,1595.126,1703.317,1753.458,1695.808,1629.371,1386.142,1353.036,1520.735,1317,1158,1220,999.798,972,931.397,837.721,794.739,791.115,702.183,724.96,590.963,613.091,559.221,511.971,508.126,481.47,467.153,444.364,751.744,781.806,751.841,746.595,1099.584
Hungary,110.35,105.601,117.083,112.485,112.485,112.468,109.739,122.277,109.444,108.015,108,143,136.151,132.974,64.979,64.979,64.979,70.864,37.77,20.14,14.93,,,6,10.025,,,,,,,,,,,,,,,0.135,0.135,0.135,0.135,0.135,0.135
Iceland,165.212,175.424,171.063,168.171,168.793,165.927,168.527,161.593,150.987,148.307,155,135,115.689,110.928,101.423,96.927,107.002,93.328,96.743,83.655,83.576,15,13,78,72.773,80,78.125,78.206,72.846,71.089,69.379,11.406,10.783,10.771,12.105,15.505,15.505,21.261,18.526,15.315,15.949,14.677,14.339,18.048,17.131
India,9375.317,9451.453,9732.209,10058.546,10081.564,10368.343,10760.881,10691.035,10890.782,9922.847,10207,10497,10358.965,10574.548,10673.896,10508.351,11613.566,11639.054,11261.409,11034.808,11209.341,10570,10645,10286,11363.303,12347,13295.096,13904.427,15041.484,15300.482,14969.558,15715.796,16484.135,16257.253,15855.692,15617.445,16376.466,17355.995,18530.646,17441.95,17483.498,17116.568,16928.49,18128.627,18421.377
Individual economies,0,0,0,0,0,0,0,0,0,0,0,0,0,0,0,0,0,0,0,0,0,0,0,0,0,0,0,0,0,0,0,0,0,0,0,0,0,0,0,0,0,0,0,0,0
Indonesia,0,0,0,0,0,0,0,0,0,0,0,0,0,0,0,0,0,0,0,0,0,0,0,4665,4809.319,5039,5308.33,6268.253,6859.065,7025.229,10470.68,15112.526,13740.323,15509.182,17384.222,19108.85,19855.619,21466.864,23754.778,25414.326,27236.787,29135.6,29409.157,30256.283,32740.741
Indonesia (...2002),1698.521,1863.699,2445.854,2632.655,2801.546,2627.275,2673.698,2927.103,2963.181,2956.574,2742,2910,3158.59,3172.484,3211.918,3403.576,3626.192,3851.425,4150.192,4201.969,4153.738,4262,4543,0,0,0,0,0,0,0,0,0,0,0,0,0,0,0,0,0,0,0,0,0,0
Iran (Islamic Republic of),1823.509,1932.73,1830.231,2024.275,2907.389,3410.649,3864.513,5064.254,7222.831,7939.315,8685,8692,8372.664,8359.604,8099.261,6840.019,4975.012,6211.404,6181.732,5758.054,6097.33,7207,6642,7098,8335.919,9114,9009.284,8952.8,5221.604,1514.719,1333.264,2180.215,919.903,2827.986,4622.428,4612.999,4942.372,6760.884,4366.701,4337.855,19832.465,20761.954,20481.137,20724.151,20778.65
Iraq,2367.726,2564.623,2598.95,2657.319,2694.455,1790.466,1685.917,1699.613,1683.083,1675.923,1813,1797,1586.017,1567.484,1566.433,1548.029,1503.775,1503.267,953.182,835.043,834.687,835,332,243,206.808,210,175.423,175.779,202.008,202.23,180.105,152.94,84.608,83.012,104.83,109.468,109.468,109.325,96.816,96.519,101.87,97.997,103.049,104.479,170.304
Ireland,237.693,247.867,342.453,277.477,266.296,270.459,226.548,148.938,162.87,172.821,178,188,211.949,216.658,211.21,187.105,199.893,191.49,183.94,149.863,154.409,176,181,175,446.049,468,306.439,183.871,184.459,192.925,196.18,221.081,249.092,244.635,276.356,309.31,309.458,284.597,307.314,346.604,384.557,388.963,381.385,377.578,389.202
Isle of Man,,,,,,,,,,,,,,,,3597.027,3895.207,5134.317,8010.435,6783.84,7687.032,8888.101,8829.698,9955.855,11173.48,13501.276,13885.429,14221.802,13850.292,14515.937,16710.921,17910.273,22262.213,22688.677,25204.787,24629.678,22380.56,24987.871,27267.307,27888.655,24101.431,22012.918,20603.023,20075.952,19354.695
Israel,585.507,607.162,769.074,872.117,865.663,677.45,657.458,679.228,612.579,655.727,586,609,701.4,825.235,808.546,785.777,720.71,803.35,922.524,861.799,832.066,712,712,892,891.593,864,873.806,893.733,855.239,533.289,486.059,318.854,309.772,209.445,209.915,316.869,321.909,326.206,326.267,309.362,330.479,446.258,449.311,342.951,76.616
Italy,19129.542,17951.113,17429.251,17043.864,16474.699,14938.899,14373.113,12407.125,12178.384,11867.321,11524,11840,10931.739,10569.903,9681.203,9334.563,8843.79,8442.167,7514.397,8301.445,9768.821,10366,10305,11500,10575.442,11316,12074.127,13278.916,13266.859,14415.394,17275.958,18059.3,20813.287,20747.887,20314.54,17009.331,16487.885,15971.501,15038.382,13437.009,11977.591,11265.864,9978.627,9106.706,7669.788
Jamaica,12.434,12.434,12.554,13.988,12.878,12.878,12.878,12.878,18.54,21.317,21,21,21.317,16.207,16.207,10.545,6.105,6.339,6.112,3.299,3.299,3,25,126,78.857,186,197.673,171.738,248.13,309.859,353.31,211.273,219.244,172.507,166.192,183.786,138.613,220.478,148.85,136.167,140.454,119.553,64.866,75.784,69.133
Japan,66315.117,67320.933,67496.68,68528.063,66640.057,64624.307,63451.188,59978.976,54669.378,48413.587,42357,40828,38175.186,37455.406,35611.692,32322.902,28783.522,27451.536,26048.744,24444.88,22722.864,19451,17913,17379,16576.667,16013,15099.949,15095.79,14810.403,15416.666,17707.219,17638.264,18808.945,20296.915,28560.826,31027.218,32631.127,34889.206,37708.615,39217.194,40749.112,39098.73,40034.401,41709.353,43006.526
Jordan,1.2,1.2,1.219,30.355,53.057,75.525,76.155,61.427,47.71,47.71,48,64,113.557,113.557,129.598,113.327,33.648,67.76,69.754,59.344,59.344,59,54,94,385.245,211,224.947,543.276,508.158,395.642,369.267,375.433,346.628,61.543,52.808,103.143,103.754,99.43,100.63,105.696,106.893,90.401,91.035,91.035,95.681
Kazakhstan,0,0,0,0,0,0,0,0,0,0,0,0,,,,4.194,5.772,4.769,5.278,4.742,4.742,6,6,7,10.623,20,46.755,79.951,68.162,72.738,91.306,126.768,134.317,136.389,143.081,155.512,165.888,166.838,161.767,121.85,150.91,134.834,134.969,137.909,183.447
Kenya,35.592,20.399,2.964,3.164,3.266,3.672,4.859,6.431,4.841,4.841,5,4,11.649,14.055,15.449,15.579,16.962,18.897,18.912,19.369,19.096,19,18,17,15.542,16,16.531,15.616,14.035,14.035,14.035,7.175,6.902,7.243,6.614,9.264,9.264,10.119,10.592,11.545,11.545,13.042,12.839,12.839,12.839
Kiribati,0.868,0.618,1.484,1.846,1.846,1.832,1.297,2.685,2.841,2.841,3,3,2.685,3.98,3.98,4.674,7.094,7.094,7.054,4.1,4.1,3,4,5,4.1,4,6.716,40.83,193.151,400.68,828.829,805.562,455.184,463.01,624.795,670.116,573.844,444.468,425.315,264.428,299.305,326.956,339.197,255.628,115.097
Kuwait,4080.855,4218.818,3856.998,3251.218,4121.735,3879.889,3505.829,4121.279,3183.61,1010.974,2887,2944,2639.86,3834.059,3640.18,3236.39,3250.061,3207.685,3138.678,3892.03,3884.391,3813,3633,3583,3716.426,3811,3706.438,3442.791,3973.696,3865.249,3856.237,3030.761,3962.623,4133.245,3973.957,5365.461,5368.081,5015.344,4894.038,4165.663,4220.646,4521.602,4849.075,4742.704,4743.372
Lao People's Dem. Rep.,,,,,,,,,,,,,,,,,,,,,,,,,,,,4.672,4.672,1.562,1.562,1.562,21.562,1.562,1.562,1.562,1.562,1.562,1.562,1.562,1.562,1.562,1.562,1.562,1.562
Latvia,0,0,0,0,0,0,0,0,0,0,0,0,,1355.46,1322.801,1177.17,881.008,783.921,351.173,96.133,101.497,81,54,47,53.118,356,366.053,379.432,255.023,248.261,180.31,100.066,86.053,57.345,79.457,82.82,104.112,78.236,102.89,75.791,110.036,110.886,161.952,171.847,201.994
Lebanon,356.606,374.253,460.988,536.402,681.151,696.676,790.014,766.784,729.538,634.525,593,473,421.379,451.506,388.802,407.49,424.013,413.817,453.16,394.13,483.216,546,429,310,246.605,238,215.374,190.91,154.315,155.3,158.612,168.199,160.515,145.291,150.435,169.863,201.413,183.806,181.686,202.925,184.903,181.79,177.854,203.082,197.885
Liberia,160037.798,157977.559,147686.831,139250.179,133239.734,121394.635,113552.239,101587.64,97957.869,93987.093,89501,99226,94807.604,98369.597,93132.059,96075.8,97888.613,98611.538,98265.077,97821.338,85186.919,80062,78484,77016,82085.102,83592,93026.087,105182.334,117518.772,125992.848,142120.95,167743.274,187905.441,199879.596,202996.08,201568.838,207547.172,217115.699,224057.191,243886.717,275242.346,299826.87,335724.838,378302.559,408368.911
Libya,1583.652,1586.5,1575.477,1604.885,1604.965,1514.077,1513.747,1459.615,1447.491,1463.243,1463,1468,1469.747,1216.782,1217.29,1218.675,1222.477,1138.641,1147.534,909.906,667.09,661,291,117,115.804,100,103.511,99.174,96.975,424.846,1404.933,1424.484,1413.455,1409.31,1411.705,1884.348,1884.348,2132.933,2132.933,1625.019,1625.019,1626.314,1626.314,1680.166,988.575
Lithuania,0,0,0,0,0,0,0,0,0,0,0,0,,633.518,594.765,605.011,562.426,518.443,476.28,457.758,414.576,420,381,415,402.508,412,445.793,415.281,385.144,370.392,364.233,307.524,298.092,281.186,291.316,269.865,259.243,169.327,204.221,179.927,220.966,230.421,213.6,180.151,183.334
Luxembourg,1365.617,,,,,,,,,2.5,6,6,2624.72,2659.491,2125.063,1798.415,1297.554,1232.565,1082.659,1574.794,1959.629,1427,2125,2038,1365.617,919,644.563,1051.848,1120.225,964.353,1099.779,1212.47,1536.713,1428.422,3513.949,3621.803,3073.217,2312.696,1878.447,1625.615,1292.494,1314.46,1401.754,1417.401,1487.703
Madagascar,75.282,128.687,100.289,105.137,107.071,106.782,97.712,96.587,82.242,117.212,88,92,91.908,50.635,34.954,37.721,40.789,40.39,41.574,43.033,45.113,48,47,33,33.056,30,31.511,31.511,31.894,30.052,30.625,27.011,24.623,24.623,13.276,13.276,13.276,10.544,10.544,9.369,10.03,10.03,10.03,11.694,11.694
Malawi,,,0.1,0.1,0.1,0.4,0.3,0.3,0.3,0.3,,,,,,,,,,,,,,,,,,,,,,,,,,,,,,,,,,,
Malaysia,909.242,1011.754,1210.112,1634.068,2075.387,2409.607,2582.744,2506.631,2388.253,2265.811,2364,2460,2657.429,2959.79,3164.907,4134.207,4748.365,6132.722,6963.862,7609.274,7577.465,7692,7248,8005,8063.786,8708,7755.349,8570.791,9448.373,9390.849,10224.838,10850.141,11129.697,10339.496,9461.036,9580.271,9768.857,9855.945,10273.433,10435.874,10407.982,10206.768,9332.355,9460.575,9439.698
Maldives,116.703,189.904,255.955,313.01,267.326,204.124,205.327,132.978,159.852,165.425,148,123,99.122,81.594,85.294,106.808,130.655,143.868,145.236,151.272,132.843,112,96,85,83.977,105,118.1,132.551,164.452,191.923,187.528,151.65,111.916,111.777,65.895,70.074,77.809,72.268,65.684,69.903,62.569,62.246,74.942,125.943,123.507
Mali,0.225,0.225,,,,,,,,,,,,,,,,,,,,,,,,,,,,,,,,,,,,,,,,,,,
Malta,149.353,182.063,336.646,613.858,1341.915,2102.016,2988.755,3415.403,2852.641,4518.532,5691,7756,15169.013,18633.622,24380.365,26267.73,29629.1,32168.358,38006.551,39891.334,46749.434,46330,44272,42610,40998.439,36101,36942.359,40440.15,45218.092,50665.678,56156.103,54243.411,68678.772,68979.795,78331.767,86386.433,94831.749,101242.231,109126.518,110892.196,115593.934,115838.752,114822.032,108990.702,102467.145
Marshall Islands,0,0,,,,,,,,,,,,,,,,,,,,,21859.67,26270.51,31048.35,42105.51,48892.65,54278.1,59600.136,68450.835,77827.419,106528.335,122579.163,140808.35,153448.905,178062.312,198237.866,216368.198,238074.146,245714.986,262055.024,274264.986,290273.448,299809.293,308501.09
Mauritania,0.311,0.311,0.316,3.282,5.687,7.094,8.337,10.23,13.878,19.617,22,22,22.843,24.734,21.628,20.311,19.417,20.034,19.14,21.258,22.234,23,23,24,23.259,24,24.511,24.663,24.663,24.779,24.675,1.513,1.505,1.31,1.31,14.953,14.953,1.42,1.42,1.42,1.42,1.42,3.838,3.838,3.838
Mauritius,51.73,47.137,47.652,42.013,42.013,57.455,53.829,257.529,240.721,223.422,216,141,111.925,175.158,286.426,301.082,324.692,327.358,363.251,257.323,189.723,106,109,55,60.082,76,72.442,66.293,37.083,37.498,63.846,65.696,141.393,130.079,135.149,130.897,133.797,124.085,124.085,123.981,144.583,150.306,148.266,70.598,80.679
Mexico,1259.59,1407.911,1607.705,1752.48,2148.815,2146.277,2077.451,2206.643,2172.957,1985.347,1883,1803,1542.962,1505.41,1536.215,1551.537,1494.083,1491.732,1502.144,1409.581,1226.578,1180,1180,1207,1251.861,1325,1364.465,1501.051,1519.301,1629.178,1775.657,1949.378,1673.775,1734.331,1804.239,1937.978,1737.92,2110.645,2253.843,2301.547,2389.413,2142.303,2201.532,2104.249,2280.26
Micronesia (Federated States of),0,0,,,,,,,,,,,,,,,,,,,,,,,,,,,,,9.844,7.993,6.617,7.487,44.251,71.012,60.997,312.314,121.082,81.319,63,61.637,57.214,52.179,58.909
Monaco,49.977,49.977,26.199,4.959,26.199,4.959,4.959,,,,,,,,,,,,,,,,,,,,,,,,,0.094,0.094,0.094,0.094,0.094,0.094,0.094,1.594,0.094,0.094,0.094,0.094,0.094,0.192
Mongolia,,,,,,,,,,,,,,,,,,,,,,,,,,,,627.002,1061.141,1011.184,1189.615,1300.923,910.256,688.555,1004.216,2277.32,2300.408,1319.809,694.291,821.57,856.814,814.399,720.113,940.951,1099.82
Montenegro,0,0,0,0,0,0,0,0,0,0,0,0,0,0,0,0,0,0,0,0,0,0,0,0,0,0,0,0,14.276,14.521,6.125,7.801,5.959,75.559,73.344,141.568,141.568,141.568,141.751,141.787,142.608,142.677,142.222,142.209,141.789
Montserrat,1.861,1.541,1.566,1.566,1.016,1.016,1.016,1.016,1.016,1.016,1,1,1.016,1.016,1.016,,,,,,,,,,,,,,,,,,,,,,,,,,,,,,
Morocco,574.111,566.025,578.017,601.289,587.024,641.229,679.513,595.364,579.852,593.015,594,618,593.094,603.345,438.844,391.321,380.138,385.637,371.665,382.389,383.786,398,398,363,391.567,387,389.795,365.486,335.788,345.635,332.014,130.623,149.41,145.074,149.622,138.873,154.837,147.405,163.26,133.892,161.057,153.876,155.993,165.428,147.969
Mozambique,35.353,35.923,37.025,37.835,41.034,45.822,36.24,38.811,28.99,27.81,27,29,29.942,32.051,28.418,26.08,27.239,29.507,24.366,23.393,25.228,24,30,28,27.735,28,27.485,27.485,29.629,29.816,35.046,21.199,24.531,24.531,28.431,28.431,28.431,28.431,28.715,28.715,30.74,33.156,33.156,33.156,33.257
Myanmar,71.877,100.927,100.141,101.762,128.242,128.316,138.901,150.88,363.286,412.508,907,1246,1488.546,1335.957,986.96,934.081,696.213,923.318,728.197,718.952,792.307,656,533,577,650.851,656,645.456,574.124,236.553,193.221,210.133,205.307,197.484,183.937,280.113,303.456,321.771,210.399,204.613,186.652,205.914,200.018,193.995,176.755,176.755
Namibia,,,,,,,,,,,,,,,,,,,,,,,,,,,,55.562,76.739,72.879,70.384,2.897,2.117,3.72,21.355,21.355,21.355,27.456,41.832,41.832,41.832,41.832,56.332,56.332,56.332
Nauru,74.458,74.458,75.514,84.621,95.321,93.391,93.391,93.391,92.878,83.771,45,41,5.791,5.791,,,,,,,,,,,,,,,,,,,,,,,,,,11.817,61.826,9.373,1.166,3.135,3.402
Netherlands (Kingdom of the),8404.959,8998.739,8599.938,8430.149,7479.719,6653.523,5949.419,5993.883,5122.867,4698.468,4557,4725,5165.129,5236.82,5030.056,5071.277,5315.405,5904.426,5649.859,5958.74,6607.344,6911,7477,7255,7920.023,7940,7625.599,5827.605,6217.393,6814.994,7252.493,6904.908,8397.576,8341.428,8624.478,8516.048,8054.908,7489.596,7259.239,7147.163,7051.211,6810.604,6660.501,6599.273,6713.521
Netherlands Antilles,,,,,,,,,,,,,,,,,,,,,,,,,,,,1849.64,1713.34,2026.994,1836.744,0,0,0,0,0,0,0,0,0,0,0,0,0,0
New Caledonia,,,,,,,,,,,,,,,,,,,,,,,,,,,,5.114,5.161,5.161,2.663,4.37,4.288,4.177,4.177,3.991,3.991,10.559,11.81,13.823,13.823,13.807,12.224,12.224,10.103
New Zealand,279.62,279.179,260.825,270.082,269.949,305.898,334.243,344.796,371.258,378.113,299,302,286.836,280.364,251.092,260.193,307.55,421.599,396.442,379.164,332.665,167,167,124,164.358,173,179.535,284.617,362.066,361.004,327.387,181.627,168.99,164.002,162.946,164.365,172.2,189.891,248.789,191.794,205.259,205.148,210.4,128.089,124.486
Nicaragua,16.018,20.697,25.689,29.464,25.74,27.304,25.409,31.947,16.976,18.191,3,3,1.295,1.483,1.483,1.483,1.483,1.773,1.773,1.978,1.978,1,2,2,1.79,2,2.71,2.71,2.71,2.71,2.71,2.721,2.721,2.721,2.721,2.721,2.721,5.921,2.721,2.721,2.721,2.721,2.721,2.721,3.024
Niger,,,,,,,,,,,,,,,,,,,,,,,,,,,,,,,,,,,6.739,6.739,6.739,0.699,0.699,0.699,0.699,0.699,4.7,,
Nigeria,571,698.522,671.264,643.591,638.123,609.74,607.095,809.278,855.026,851.93,737,727,725.931,751.686,749.225,699.604,724.619,682.197,706.634,695.898,677.859,685,650,657,675.935,691,530.079,524.174,626.36,897.035,989.414,3744.838,3527.744,3579.026,4060.244,4232.614,3875.923,3938.964,3994.983,4402.377,4534.037,4937.914,4985.529,5906.928,6866.075
Niue,,,,,,,,,,,,,,,,,,,,,,,,,,,,,,,,,,,,,,103.082,160.19,296.28,232.979,195.215,248.141,299.223,228.388
North Macedonia,0,0,0,0,0,0,0,0,0,0,0,0,,,,,,,,,,,,,,,,,,,,,,,,,,,,,,,,,4.165
Northern Mariana Islands,0,0,,,,,,,,,,,,,,,,,,,,,,,,,,,,,,0.066,,,,,,,,,,,,,33.707
Norway,39451.495,38885.262,38502.048,38760.851,33524.485,30604.843,25721.469,14202.683,9656.957,15235.06,26568,41207,41070.629,37485.315,35915.148,34569.725,32867.199,33265.282,34493.682,35026.152,35388.032,31994,30699,32237,27652.183,24243,23237.364,23950.264,23948.817,23540.842,20811.234,19836.347,20749.541,20506.168,20609.856,19517.448,20142.577,21445.052,21688.577,22027.116,23068.34,24059.785,23354.899,23463.917,22360.71
Oman,9.769,9.769,11.282,11.661,10.917,12.129,12.434,12.953,16.399,16.399,13,12,11.941,10.012,10.604,10.604,11.122,11.122,10.604,10.604,10.879,13,15,14,8.808,9,11.085,13.151,15.761,14.402,14.265,16.789,16.789,18.207,15.395,16.083,17.213,16.354,16.309,18.022,18.231,18.544,19.348,19.519,14.49
Pakistan,584.391,634.357,692.281,821.318,785.023,733.519,654.682,623.182,565.696,526.234,526,508,513.543,549.707,524.428,575.014,624.231,710.127,696.872,631.96,458.723,381,363,363,498.625,472,651.724,673.146,564.671,671.432,481.126,730.385,660.468,688.018,668.054,714.958,714.958,714.152,715.835,717.277,868.255,868.255,868.255,1081.614,974.533
Palau,0,0,,,,,,,,,,,,,,,,,,,,,,,,,,,,,,,,17.695,71.478,419.771,791.71,1264.989,1712.835,1430.951,1738.934,2229.545,3270.532,5290.756,7891.704
Panama,0,39039.133,45738.053,54800.385,58318.952,62068.888,67266.67,68349.383,70435.824,71476.002,75360,62184,76258.118,83338.991,90974.77,97930.679,109514.365,125165.275,139202.376,150521.3,158947.251,172355,185051,186400,186860.17,195286,211120.625,231993.153,252564.216,273961.361,288757.587,314842.472,332137.815,344828.45,337787.829,335498.246,333080.953,342450.282,335518.442,333787.8,329131.82,344580.465,350895.766,366012.883,379832.822
Papua New Guinea,25.919,31.307,30.331,27.39,25.919,29.906,35.059,37.67,44.891,46.259,42,35,37.839,43.02,44.925,51.051,52.259,62.118,66.221,66.906,70.852,80,84,86,84.292,87,95.062,98.329,98.491,103.386,111.081,146.661,140.144,153.951,169.225,195.697,190.881,193.368,197.53,196.368,207.104,207.391,199.319,219.867,222.576
Paraguay,23.599,23.599,35.927,37.456,41.406,44.298,50.957,51.54,49.224,44.272,44,42,38.513,34.27,33.544,36.226,39.994,49.724,49.724,50.455,48.789,52,52,52,47.159,47,49.197,50.589,58.839,61.789,63.278,60.223,66.47,60.769,61.289,81.39,82.798,95.056,98.187,98.464,101.385,103.059,94.748,91.903,91.903
Peru,829.96,1005.056,1124.91,1115.744,1014.483,1045.912,1096.603,997.089,1036.162,896.866,841,807,695.983,513.396,464.333,317.289,343.666,338.636,336.583,239.518,266.995,222,200,174,147.55,148,148.776,151.136,207.358,225.252,317.911,600.223,497.404,434.249,463.891,547.309,544.955,524.853,608.357,532.565,511.154,446.732,447.023,446.279,531.016
Philippines,2380.42,2910.262,4033.778,4405.412,4719.338,5525.609,7571.141,11668.566,14827.666,15485.093,15468,14159,13999.634,13856.256,13777.253,14765.846,13504.248,13902.366,13352.687,12706.922,11111.975,9956,8568,7300,6944.328,7008,7128.91,6697.878,6658.59,6749.841,7032.788,6640.693,7247.243,6548.011,6113.708,6195.024,6478.287,6457.376,5942.634,5667.091,6624.788,6576.529,6421.495,6049.069,5931.06
Poland,5030.037,5101.343,4995.446,5043.48,5069.024,4304.116,4439.947,4694.249,4728.355,4666.786,4490,4442,4253.643,4263.899,3691.832,3556.261,3176.681,3114.56,2611.841,2012.195,1855.351,1561,793,775,300.268,101,124.43,126.304,115.336,135.539,130.867,84.899,76.203,63.414,71.536,116.767,110.599,114.053,114.58,104.579,97.265,100.697,101.53,102.927,104.578
Portugal,1823.797,2128.601,2180.893,2220.853,2161.097,2684.923,2405.741,1747.097,1702.913,1581.646,1102,1322,1239.295,1639.846,1593.515,1449.247,1417.937,997.991,1365.065,1596.72,1630.041,1718,1777,1614,1608.023,1757,1527.018,1413.166,1124.501,1145.817,1288.317,827.386,1014.139,1461.118,2543.864,5259.371,8898.847,15201.09,19768.165,19605.195,20798.828,22854.985,25998.476,26912.894,29396.61
Puerto Rico,,,,,,,,,,,,,,,,,,,,,,,,,,,,,,,,,,,,,,,,,,0.05,0.05,0.05,0.05
Qatar,156.553,157.616,174.768,366.108,474.126,482.172,525.099,457.5,460.938,463.385,459,556,733.347,585.583,684.926,915.671,773.605,907.065,1050.173,1139.447,1153.965,1079,1040,770,795.874,793,794.554,932.616,893.893,1206.423,1363.44,1290.128,1294.6,1203.659,914.496,807.57,880.067,1081.855,1179.939,1149.012,978.206,1042.415,754.639,685.076,629.274
Republic of Korea,6168.547,6836.19,8226.919,8881.818,10429.775,11211.472,11772.926,11561.917,11452.759,11524.125,12335,12462,12234.454,11516.246,10871.616,10797.515,10636.968,11184.3,10945.523,8517.453,8655.548,9058,9425,10610,10433.726,12017,14347.058,16456.315,21140.948,22600.084,20818.605,20323.007,19355.751,17676.497,18303.236,17805.125,17025.305,15072.712,13928.583,13043.293,14974.259,15753.412,15730.859,18939.391,21221.158
Republic of Moldova,0,0,0,0,0,0,0,0,0,0,0,0,,,,,,,,,,,,,,,,17.308,71.862,248.134,459.76,693.629,566.77,732.421,859.569,733.487,726.856,699.369,534.441,511.755,491.609,529.144,430.606,139.671,114.947
Réunion,,,,,,,,,,,,,,,,,,,,,,,,,,,,,,,,1.163,1.163,0.701,0.701,1.163,1.163,1.627,2.388,2.388,2.388,2.25,2.259,2.259,1.532
Romania,2590.182,2656.348,2947.422,3245.365,3493.047,3931.543,4502.639,4843.345,4893.328,5356.547,5711,6089,5583.268,4329.038,4204.766,3944.853,3718.776,3732.042,3346.058,2969.993,1618.256,956,782,758,686.281,481,372.196,276.505,273.391,263.339,244.114,176.14,147.86,97.206,100.79,77.667,80.977,77.079,81.913,83.378,80.062,74.149,75.957,79.753,79.82
Russian Federation,0,0,0,0,0,0,0,0,0,0,0,0,28403.434,17235.762,17528.714,17182.076,15794.084,13584.396,12014.376,10482.337,9950.401,9393,9564,9904,9901.891,8420,8006.238,7723.014,7135.405,7140.396,7282.979,6948.157,6684.185,7002.535,7162.746,8089.73,8555.949,8417.374,8731.96,9262.307,9875.534,10917.166,10906.898,11226.227,11866.775
Saint Helena,2.228,2.228,2.264,2.264,2.264,2.264,2.829,2.829,2.829,2.829,2,2,0.992,,,,,0.478,0.478,0.478,0.478,,,,1.003,1,1.085,1.185,1.4,1.4,0.775,,,,,,,,,,,,,,
Saint Kitts and Nevis,0.09,0.09,0.091,0.091,0.459,0.459,0.459,0.091,0.641,0.55,1,1,0.55,0.55,0.55,0.55,0.55,0.55,0.55,0.55,0.55,1,1,1,0.55,1,265.638,677.812,977.097,1334.437,1219.233,3521.6,1196.359,1520.261,1476.512,1357.514,1442.098,1424.563,1319.698,909.101,1288.156,1707.462,1414.579,3940.443,2808.769
Saint Lucia,1.386,2.951,2.998,2.998,7.232,3.732,2.142,3.415,2.53,2.07,2,2,2.07,2.07,2.279,2.279,1.655,0.889,,,,,,,,,,,,,,,,,,,,,,,,,,,
Saint Pierre and Miquelon,,,,,,,,,,,,,,,,,,,,,,,,,,,,0.36,0.36,,,,,,,,,,,,,,,,
Saint Vincent and the Grenadines,16.821,24.835,32.919,33.889,122.968,154.762,359.486,833.209,1132.838,1420.136,2282,2995,6224.889,7677.707,8628.125,8595.448,9556.298,10901.76,12385.105,11436.183,10131.017,9866,10105,9536,9027.733,9136,8524.159,8527.445,8503.12,7400.157,7329.177,7504.748,5787.348,4652.797,4152.653,3759.584,3524.014,3276.762,3056.678,2606.434,2184.619,2679.143,2622.616,2680.527,2686.848
Samoa,0.194,4.694,4.926,5.962,5.962,35.293,35.293,34.751,34.751,34.751,35,35,6.501,6.501,6.501,6.501,6.501,6.501,6.441,,,,,8,,,,9.849,9.849,9.849,9.849,9.847,9.847,9.847,9.847,9.847,3.852,4.887,17.935,13.901,4.656,602.615,1199.784,4.346,4.346
San Marino,,,,,,,,,,,,,,,,,,,,,,,,,,,,,,,,,,,,,,,,,,,0.647,0.647,248.816
Sao Tome and Principe,104.76,,0.427,0.427,0.992,0.992,1.172,1.172,1.172,1.172,1,1,0.18,2.277,2.277,2.277,2.492,2.492,2.492,8.64,36.25,197,259,121,104.76,86,67.115,42.32,37.591,29.014,27.839,26.845,17.226,10.709,14.12,18.414,18.414,11.84,11.84,11.142,13.843,680.973,688.856,1298.031,1174.338
Saudi Arabia,2448.563,2652.573,5515.601,7768.78,9311.863,6475.117,5247.299,4954.572,4588.299,3802.471,3535,2716,1447.822,1399.271,1403.323,1282.879,1414.747,1480.091,1387.721,1531.191,1442.954,1523,1386,2343,1961.839,2582,1277.58,1243.868,1103.995,1667.179,2319.295,1652.964,1338.208,1712.639,3070.374,4260.365,4237.975,4015.702,13549.499,13156.943,13901.623,13674.756,13896.191,13407.412,14286.928
Senegal,30.82,31.058,31.683,33.164,33.25,33.583,44.261,41.651,35.991,37.561,36,38,38.865,39.585,52.519,27.64,26.5,27.258,27.169,27.2,22.353,25,24,23,23.278,17,17.708,18.376,18.896,19.121,19.329,7.007,7.038,7.038,8.459,8.862,10.496,10.899,16.06,16.964,17.336,17.194,17.424,17.424,17.194
Serbia and Montenegro,0,0,0,0,0,0,0,0,0,0,0,0,1773.189,,,,,,,,,,,,,,,10.678,0,0,0,0,0,0,0,0,0,0,0,0,0,0,0,0,0
Seychelles,3.834,3.834,1.142,0.321,0.321,0.321,0.821,2.491,2.491,2.491,2,2,3.337,3.337,3.337,3.721,4.174,3.278,4.079,14.385,22.683,21,28,95,70.053,70,135.9,144.859,243.244,286.572,288.023,586.276,258.225,586.533,370.083,370.083,372.895,208.84,206.197,206.197,207.516,207.57,207.57,175.829,176.637
Sierra Leone,0.706,1.021,1.24,1.324,1.324,1.324,1.324,1.752,3.382,8.69,14,15,14.237,18.384,18.247,15.1,15.141,11.197,11.496,10.194,11.15,8,5,23,22.45,30,100.552,372.228,588.258,754.16,792.173,2133.121,1396.561,1619.197,1640.673,1559.547,1899.379,1891.217,2081.247,2287.001,2499.487,2846.545,2933.042,2616.578,2513.44
Singapore,12924.322,12548.385,11546.514,12194.535,12027.581,11038.251,11187.28,10603.737,11924.578,11793.498,11888,12965,14289.508,15958.392,17522.426,18520.025,21020.699,25721.659,29537.419,32163.364,34635.484,33742,32799,33619,36392.975,40935,48562.144,50981.072,55550.328,60797.779,61660.395,64729.939,80310.109,92540.325,107157.417,117534.014,123237.621,124510.08,128203.543,129246.799,139911.083,136314.891,131730.294,135206.122,141012.561
Slovakia,0,0,0,0,0,0,0,0,0,0,0,0,0,,,,,24.533,19.489,19.489,19.489,19,19,11,42.813,185,298.795,330.441,326.892,251.505,192.902,76.573,57.462,12.91,,,,3.34,,,,,,,0.042
Slovenia,0,0,0,0,0,0,0,0,0,0,0,0,,0.967,1.123,9.061,1.123,1.123,1.093,0.782,0.782,,1,1,0.676,,0.35,0.35,0.35,0.35,0.35,1.254,1.515,1.266,1.266,1.266,1.266,1.266,1.627,1.627,1.981,1.981,2.762,1.696,1.636
Solomon Islands,1.705,1.87,2.162,3.658,3.822,4.552,4.552,5.15,5.35,6.797,7,6,5.771,4.985,4.994,5.746,5.746,6.775,6.775,6.905,6.905,6,6,6,4.623,6,5.427,5.427,6.485,6.485,8.045,3.978,3.513,3.65,4.132,4.132,4.132,4.683,4.46,6.714,7.453,7.044,6.702,6.702,6.702
Somalia,73.772,60.666,44.811,15.827,16.727,29.291,31.051,14.96,18.852,15.86,14,19,18.488,18.496,19.526,17.288,16.476,12.289,10.817,10.817,6.756,8,6,6,5.735,7,6.515,10.127,9.097,5.485,5.485,0.629,0.629,0.629,0.629,4.623,4.623,0.629,0.629,0.629,0.629,0.629,0.629,0.629,0.629
South Africa,858.106,839.525,839.715,882.188,891.742,790.707,673.223,661.706,570.373,522.723,352,299,284.424,281.634,294.115,284.973,293.672,365.487,368.886,368.943,368.98,368,359,59,107.403,104,114.014,110.101,117.456,124.862,125.861,67.527,67.005,69.713,72.053,74.02,473.195,442.304,447.954,448.091,499.162,343.839,553.676,545.872,487.966
South Sudan,0,0,0,0,0,0,0,0,0,0,0,0,0,0,0,0,0,0,0,0,0,0,0,0,0,0,0,0,0,0,0,0,,27.242,17.642,94.899,102.827,,,,,,,,
Spain,13943.083,13522.33,13801.121,13878.611,12788.157,12122.088,10820,9286.019,8387.475,7263.227,6461,6185,5428.467,3918.84,2206.826,1817.162,1282.444,1935.194,1906.114,2045.455,2053.02,2142,2185,2338,2586.535,2655,2540.721,2689.155,2746.159,2710.955,2554.732,2570.97,2544.847,2480.163,2205.434,1857.124,1845.754,2023.131,2043.078,1924.311,1930.125,1917.514,1903.071,1900.639,1697.54
Special economies,0,0,0,0,0,0,0,0,0,0,0,0,0,0,0,0,0,0,0,0,0,0,0,0,0,0,0,0,0,0,0,0,0,0,0,0,0,0,0,0,0,0,0,0,0
Sri Lanka,126.736,126.766,145.07,169.66,586.695,1203.057,974.235,972.049,908.466,557.603,371,528,507.087,446.231,452.848,450.585,325.695,345.355,312.262,279.522,287.64,238,243,95,187.284,196,221.863,224.084,215.477,244.949,238.868,302.467,238.474,225.149,212.205,248.726,278.836,397.251,432.675,419.473,394.891,322.429,315.05,320.329,297.673
Sudan,0,0,0,0,0,0,0,0,0,0,0,0,0,0,0,0,0,0,0,0,0,0,0,0,0,0,0,0,0,0,0,0,27.755,27.755,27.755,15.767,18.9,19.06,18.777,5.872,5.872,5.872,5.872,2.739,2.739
Sudan (...2011),56.893,141.589,124.085,124.085,124.311,128.223,126.381,126.381,127.655,127.655,127,79,62.244,62.244,86.466,72.752,61.804,53.241,53.241,53.241,53.241,52,53,41,29.019,16,16.664,28.775,28.775,28.775,27.553,28.918,0,0,0,0,0,0,0,0,0,0,0,0,0
Suriname,13.178,18.978,19.208,19.208,19.187,19.187,19.187,15.285,13.706,13.706,15,16,15.721,15.721,15.721,9.702,9.042,9.063,9.298,7.177,7.213,6,6,6,6.803,6,6.803,6.803,6.767,7.061,5.687,6.919,6.919,6.919,6.919,6.919,6.919,6.919,6.919,6.919,6.919,6.955,6.955,6.955,6.955
Sweden,7375.514,6626.26,6181.286,5793.918,5056.492,5195.995,4230.771,3037.436,2402.531,1926.589,1995,2942,3818.501,3305.593,2415.503,2293.756,2384.275,2404.621,2080.545,1657.183,1846.038,1822,1787,1886,2116.494,2191,2235.287,2483.988,2423.832,2512.772,2206.332,1899.342,2038.464,1805.763,1663.037,1473.192,1368.974,1095.551,984.423,1084.43,1078.232,1151.885,1202.937,1247.324,1076.781
Switzerland,403.71,477.265,469.667,468.281,478.843,487.358,535.81,550.711,579.899,434.041,363,483,632.013,606.736,516.42,654.464,660.208,738.174,738.309,731.987,779.02,834,890,1010,1040.14,832,790.634,809.911,887.129,1012.164,1023.109,927.717,1118.242,1258.833,1283.923,1401.333,1525.301,1760.22,1467.264,1225.887,1115.393,930.438,930.438,854.324,839.427
Syrian Arab Republic,45.351,54.483,60.549,61.942,70.305,81.871,83.77,92.48,93.205,97.38,102,116,179.292,234.677,330.252,445.415,558.72,650.362,637.535,656.842,679.412,697,744,695,688.914,649,598.183,569.064,516.654,453.164,344.172,254.548,191.412,107.415,68.864,61.181,61.181,61.181,61.181,80.249,82.009,77.231,46.094,237.53,145.345
Thailand,535.492,577.271,606.819,649.704,868.076,759.136,863.424,772.437,758.442,776.747,805,912,1116.908,1393.819,1736.87,2111.659,2670.02,3239.055,3437.763,3155.696,3068.395,3034,2686,2837,3411.192,4382,4591.366,4318.349,4223.667,4218.497,3746.768,5137.798,4462.685,4375.128,5072.908,5366.348,5385.19,5454.234,6285.206,5803.774,6701.655,6070.39,5375.13,4696.019,4501.467
Timor-Leste,0,0,0,0,0,0,0,0,0,0,0,0,0,0,0,0,0,0,0,0,0,0,0,,,,,,0.262,0.262,0.262,,,,,,,,,0.262,0.262,0.262,0.262,0.262,0.262
Togo,23.38,35.919,36.12,36.12,77.28,43.199,77.989,78.009,92.082,74.682,65,78,34.126,20.633,20.633,0.08,0.08,0.283,0.299,0.299,74.4,3,7,10,10.625,13,15.428,12.423,39.625,97.849,242.823,1056.192,512.486,1293.829,1005.5,1532.055,1341.44,1665.122,1501.998,1596.739,1555.278,2090.859,2548.612,2254.028,1471.037
Tonga,28.339,18.066,23.938,23.233,20.437,21.168,22.447,21.141,23.429,17.991,43,50,20.845,13.74,13.74,12.307,15.257,14.555,15.471,25.777,29.297,30,467,396,228.214,125,96.871,88.051,74.805,74.087,77.546,93.297,67.165,45.252,42.25,79.92,73.892,75.495,77.279,35.643,46.028,21.595,19.352,12.432,13.082
Trinidad and Tobago,11.519,11.994,10.275,12.116,13.776,12.376,12.376,12.801,12.491,13.715,16,13,16.046,16.295,14.963,17.037,19.855,10.893,8.78,6.997,8.885,6,11,9,8.238,9,16.181,15.134,18.559,18.704,18.298,30.326,30.787,30.249,29.875,32.127,28.598,27.592,27.722,27.961,26.298,28.072,27.543,27.543,27.244
Tunisia,170.68,173.715,181.135,183.57,440.896,449.511,449.259,449.685,449.685,447.42,447,442,439.822,443.44,420.754,175.897,177.079,174.51,169.88,199.192,169.855,177,173,192,131.839,133,124.467,121.732,12.916,82.721,96.921,412.525,339.052,371.761,342.1,342.687,316.023,453.215,319.436,317.412,317.718,320.618,278.771,278.771,278.882
Türkiye,2079.281,2134.112,2514.136,3400.451,4088.392,5174.046,6291.799,5712.544,5516.139,5441.307,5477,6360,7635.469,6944.723,8572.915,9113.903,10345.054,10512.601,10669.764,10108.544,10174.199,9159,9270,8674,7541.66,7048,7621.087,7253.507,7300.276,7476.286,7877.98,8752.861,9680.285,10132.246,8738.37,8556.991,8628.508,8241.091,7975.144,7559.013,7063.91,6301.001,6122.47,6667.191,7230.214
Turkmenistan,0,0,0,0,0,0,0,0,0,0,0,0,,,,15.812,22.333,30.837,31.712,29.834,36.524,33,37,36,39.521,35,41.625,48.186,45.841,47.37,61.785,85.885,81.975,99.146,113.616,122.101,124.164,120.54,123.86,121.51,124.161,125.379,124.293,127.698,127.698
Turks and Caicos Islands,3.7,3.7,5.751,4.857,3.475,3.31,3.31,3.904,4.269,5.469,2,3,5.843,2.792,2.635,2.635,0.405,0.405,0.161,0.161,0.161,,,,0.161,,0.161,0.161,0.161,0.161,0.161,0.677,0.677,0.677,0.725,0.725,0.725,0.725,0.573,0.573,0.573,0.573,0.573,0.573,0.573
Tuvalu,93.406,0.25,0.25,0.25,0.458,0.458,0.458,0.458,0.458,0.458,1,1,0.798,16.005,114.14,77.164,93.096,84.936,82.315,75.99,68.395,78,58,106,93.406,210,310.388,519.158,1440.605,1803.144,1884.124,2994.426,1646.775,2250.936,2206.987,1824.555,1661.232,1910.761,2036.667,1893.262,1931.703,1952.452,2109.1,1899.638,1608.064
Uganda,9.115,9.115,,,,2.7,,8.6,8.6,8.6,1,,,,,,,2.743,2.743,2.743,2.743,3,3,,,,,,,,,,,,,40.25,40.25,40.25,,,,,,,
Ukraine,0,0,0,0,0,0,0,0,0,0,0,0,,6176.656,6205.712,6189.328,5275.767,4023.139,2572.96,1920.013,1667.473,1440,1304,1080,1267.279,1132,1132.127,1130.775,1148.97,1091.917,903.883,730.78,631.003,517.967,497.611,432.21,420.778,383.105,352.766,353.304,363.405,395.13,388.292,346.751,345.46
Union of Soviet Socialist Republics,25293.201,25894.991,26234.192,26626.875,27573.767,27928.263,28153.312,28145.633,28555.746,29199.278,29212,29360,0,0,0,0,0,0,0,0,0,0,0,0,0,0,0,0,0,0,0,0,0,0,0,0,0,0,0,0,0,0,0,0,0
United Arab Emirates,252.717,256.321,285.298,351.421,450.327,1349.672,1523.669,1018.926,1159.928,1311.865,1316,1158,1330.345,1417.265,1197.378,1603.019,1530.915,1350.183,1380.748,1330.854,1042.535,1102,938,854,1007.41,986,1065.617,1118.778,1028.493,1410.134,1412.306,1496.331,1385.13,1261.327,1007.495,999.689,988.341,847.556,820.886,673.415,727.361,744.345,858.205,830.5,889.546
United Kingdom,45080.069,43814.177,41272.605,35989.889,29878.378,24140.368,21794.712,16871.643,11676.489,11113.525,10252,8594,7839.268,7637.405,7400.787,4839.81,4662.307,3904.99,3106.354,3994.356,4226.064,4949.899,6458.302,7065.145,10362.328,9659.724,11662.386,14492.929,15887.677,18091.561,20176.299,17437.305,20082.105,19942.021,16732.471,14267.649,15075.917,15857.995,16799.129,17072.722,11759.025,11745.824,10964.725,10687.793,11135.245
United Republic of Tanzania,74.737,67.934,71.322,71.672,71.081,70.991,,59.048,32.888,33.638,32,32,48.78,49.519,51.602,49.433,51.536,,51.829,,,36,37,46,41.637,41,38.573,38.795,79.39,42.921,116.631,8074.545,630.484,9269.42,12042.148,12557.576,13402.645,1135.726,1037.992,844.163,736.539,1753.724,1971.079,2294.58,2762.292
United States of America,21207.502,22197.667,23022.67,23205.076,23714.866,23303.867,23042.74,22959.085,23262.197,23336.796,22954,25035,24565.688,23073.869,23172.91,21838.754,21242.824,23477.672,25051.914,25286.46,25676.029,28665,11699.11,11293.36,11615.84,11658.36,11768.34,12411.384,12140.077,11961.852,12791.814,13246.12,12778.958,12791.166,11802.724,11793.998,11952.835,12254.614,12475.254,12433.14,12598.141,12505.026,12518.59,12622.762,13215.266
United States Virgin Islands,,,,,,,,,,,,,,,,,,,,,,,,,,,,,,,,,,,,,,0.397,0.397,1.885,1.885,1.885,1.885,1.885,1.885
Uruguay,310.147,302.037,311.963,312.574,330.951,288.409,263.056,224.854,218.115,282.234,155,157,144.169,171.18,195.934,150.296,149.512,122.031,127.517,126.025,38.077,40,46,51,50.637,50,57.288,65.925,74.742,69.759,69.889,46.195,47.14,49.332,114.014,118.019,58.737,61.706,54.234,45.822,49.716,60.3,60.3,47.022,47.198
Vanuatu,11.551,16.288,6.585,3.613,38.572,161.352,226.436,274.074,982.189,1429.699,1574,3316,3426.57,3076.226,2826.016,2569.838,2358.612,2093.163,1846.875,2038.178,1727.675,1392,1460,1378,2006.202,2145,2219.147,2490.146,2485.795,2593.31,2683.693,2698.855,2915.511,2898.035,3048.262,2706.935,2625.44,2297.053,2360.551,2098.318,1865.959,1812.66,1737.488,1507.201,1568.782
Venezuela (Bolivarian Rep. of),1165.682,1100.411,1041.223,1279.822,1356.987,1460.527,1421.829,1428.634,1418.05,1428.629,1727,1383,1424.666,1274.364,1453.119,1374.282,1159.07,1020.503,1026.319,952.629,936.717,950,1307,1288,1261.316,1542,1614.381,1554.297,1574.383,1502.881,1483.639,1551.511,1529.825,1934.217,2011.617,1821.252,1854.968,1837.266,1835.12,1698.199,1536.174,1402.566,1301.103,1313.957,1317.171
Viet Nam,289.7,347.135,365.413,382.651,389.592,410.975,446.242,507.975,537.838,501.493,526,712,862.338,954.785,1161.92,1214.233,1061.061,1200.679,1098.092,1149.284,1256.145,1456,1554,1589,1808.691,2126,2479.392,3144.038,3892.997,4662.833,5415.187,7064.057,7243.097,7301.013,7169.441,7373.413,7768.095,8025.567,8240.436,8520.663,9193.493,10349.597,12342.573,12422.028,13236.197
Wallis and Futuna Islands,,,,,,,,,,,,,,,,,,,,,,,,,,,,,,,,1.674,1.674,1.674,1.674,,,,,,,2.2,16.61,17.778,17.778
Yemen,0,0,0,0,0,0,0,0,0,0,12,14,13.653,13.653,27.438,26.431,26.624,25.638,26.043,25.821,25.821,31,120,134,,,,25.543,25.543,26.608,31.172,444.562,448.167,443.532,443.532,443.532,443.532,443.86,443.86,442.524,442.524,442.524,417.923,417.923,417.923
"Yemen, Arab Republic",11.525,13.057,14.077,13.881,14.109,13.455,12.921,13.215,13.216,12.353,0,0,0,0,0,0,0,0,0,0,0,0,0,0,0,0,0,0,0,0,0,0,0,0,0,0,0,0,0,0,0,0,0,0,0
"Yemen, Democratic",1.85,1.85,1.85,1.85,1.85,1.85,1.85,6.1,,,0,0,0,0,0,0,0,0,0,0,0,0,0,0,0,0,0,0,0,0,0,0,0,0,0,0,0,0,0,0,0,0,0,0,0
"Yugoslavia, Soc. Fed. Rep. of",3661.575,3759.567,3880.197,3859.245,3898.464,4130.69,4180.383,4476.264,4939.928,5487.671,5815,6027,0,0,0,0,0,0,0,0,0,0,0,0,0,0,0,0,0,0,0,0,0,0,0,0,0,0,0,0,0,0,0,0,0
Zambia,9.11,,,,,,,,,,,,,,,,,,,,,,,,,,,,,,,,,,,0.26,0.26,,,,,2.821,2.821,0.508,0.508